{
  "avgScore:labelIs": {
    "42": 0.6788256227758007,
    "69": 0.6868327402135231,
    "666": 0.6672597864768683
  }
}