{
  "avgScore:slotsAre": {
    "all": 0.5955056179775281
  },
  "avgScore:slotIncludes": {
    "all": 0.6573033707865169
  },
  "avgScore:slotCountIs": {
    "all": 0.7078651685393258
  }
}